,SNR,Periodogram,MUSIC,OMP,cresfreq,cvswinfreq,cvswinfreq_v1,swinfreq
0,10.0,,,,0.8840000033378601,0.9129999876022339,0.9300000071525574,0.921999990940094
