,SNR,Periodogram,MUSIC,OMP,cresfreq,cvswinfreq,cvswinfreq_v1,swinfreq
0,10.0,,,,27.423999786376953,28.0939998626709,28.85099983215332,28.506999969482422
