,Separation,Periodogram,saved/models/cResFreq.pth,cvswinfreq,cvswinfreq_v1,swinfreq
0,1.0,0.23899999260902405,0.9779999852180481,0.9769999980926514,0.9879999756813049,0.9829999804496765
